{"cameraMode":{"drawMode":0,"name":"Shaded","section":"Shading Mode"},"sceneLighting":false,"audioPlay":false,"sceneViewState":{"m_AlwaysRefresh":false,"showFog":true,"showSkybox":true,"showFlares":true,"showImageEffects":true,"showParticleSystems":true,"showVisualEffectGraphs":true,"m_FxEnabled":true},"in2DMode":false,"pivot":{"x":-5.088732719421387,"y":5.667016983032227,"z":-10.363773345947266},"rotation":{"x":0.002214927924796939,"y":0.6394509673118591,"z":0.0015452143270522357,"w":-0.769032895565033},"size":7.009479522705078,"orthographic":false}